{
  "n": 64,
  "metric": "full_3d",
  "original_mean": 0.7566388367557497,
  "new_mean": 0.728559911534189,
  "best_fixed_branch": "original",
  "best_fixed_mean": 0.7566388367557497,
  "selector_mean": 0.7480311247929567,
  "oracle_mean": 0.7625496004364954,
  "selector_gain_vs_best_fixed": -0.008607711962792974,
  "oracle_gap_captured": -1.4562774672979304,
  "selector_accuracy": 0.453125,
  "best_fixed_accuracy": 0.578125,
  "original_low_iou_rate": 0.046875,
  "new_low_iou_rate": 0.09375,
  "best_fixed_low_iou_rate": 0.046875,
  "selector_low_iou_rate": 0.0625,
  "oracle_low_iou_rate": 0.046875,
  "new_better_count": 27,
  "original_better_count": 37,
  "confusion_matrix": [
    [
      18,
      19
    ],
    [
      16,
      11
    ]
  ],
  "mode": "cross_val",
  "model": "random_forest",
  "label": "label_full_3d",
  "folds": 5,
  "feature_count": 148
}