{
  "n": 64,
  "original_full_2d": 0.792096350703887,
  "original_full_3d": 0.7566388367557497,
  "new_as_origin_full_2d": 0.762822896279381,
  "new_as_origin_full_3d": 0.728559911534189,
  "oracle_full_2d": 0.798406616937714,
  "oracle_full_3d": 0.7625496004364954,
  "label_full_3d_new_count": 27,
  "label_full_3d_original_count": 37,
  "original_low_iou_2d_rate": 0.046875,
  "new_low_iou_2d_rate": 0.078125,
  "oracle_low_iou_2d_rate": 0.03125
}